PersonName,Country,Discipline,process_date
AALERUD Katrine,Norway,Cycling Road,2025-02-05
ABAD Nestor,Spain,Artistic Gymnastics,2025-02-05
ABAGNALE Giovanni,Italy,Rowing,2025-02-05
ABALDE Alberto,Spain,Basketball,2025-02-05
ABALDE Tamara,Spain,Basketball,2025-02-05
ABALO Luc,France,Handball,2025-02-05
ABAROA Cesar,Chile,Rowing,2025-02-05
ABASS Abobakr,Sudan,Swimming,2025-02-05
ABBASALI Hamideh,Islamic Republic of Iran,Karate,2025-02-05
ABBASOV Islam,Azerbaijan,Wrestling,2025-02-05
ABBINGH Lois,Netherlands,Handball,2025-02-05
ABBOT Emily,Australia,Rhythmic Gymnastics,2025-02-05
ABBOTT Monica,United States of America,Baseball/Softball,2025-02-05
ABDALLA Abubaker Haydar,Qatar,Athletics,2025-02-05
ABDALLA Maryam,Egypt,Artistic Swimming,2025-02-05
ABDALLAH Shahd,Egypt,Artistic Swimming,2025-02-05
ABDALRASOOL Mohamed,Sudan,Judo,2025-02-05
ABDEL LATIF Radwa,Egypt,Shooting,2025-02-05
ABDEL RAZEK Samy,Egypt,Shooting,2025-02-05
ABDELAZIZ Abdalla,Egypt,Karate,2025-02-05
ABDELAZIZ Farah,Egypt,Table Tennis,2025-02-05
ABDELAZIZ Feryal,Egypt,Karate,2025-02-05
ABDELMAWGOUD Mohamed,Egypt,Judo,2025-02-05
ABDELMOTTALEB Diaaeldin Kamal Gouda,Egypt,Wrestling,2025-02-05
ABDELRAHMAN Ihab,Egypt,Athletics,2025-02-05
ABDELSALAM Mohamed,Egypt,Football,2025-02-05
ABDELSALAM Nour,Egypt,Taekwondo,2025-02-05
ABDELWAHED Ahmed,Italy,Athletics,2025-02-05
ABDI Bashir,Belgium,Athletics,2025-02-05
ABDIRAHMAN Abdi,United States of America,Athletics,2025-02-05
ABDUL HADI Farah Ann,Malaysia,Artistic Gymnastics,2025-02-05
ABDUL RAHMAN Kiria Tikanah,Singapore,Fencing,2025-02-05
ABDUL RAZZAQ Fathimath Nabaaha,Maldives,Badminton,2025-02-05
ABDULHAMID Saud,Saudi Arabia,Football,2025-02-05
ABDULJABBAR Ammar Riad,Germany,Boxing,2025-02-05
ABDULLAEV Gulomjon,Uzbekistan,Wrestling,2025-02-05
ABDULLAEV Muminjon,Uzbekistan,Wrestling,2025-02-05
ABDULLAH Rahmat Erwin,Indonesia,Weightlifting,2025-02-05
ABDULLIN Ilfat,Kazakhstan,Archery,2025-02-05
ABDULREDHA Mohamed,Bahrain,Handball,2025-02-05
ABDURAIMOV Elnur,Uzbekistan,Boxing,2025-02-05
ABDURAKHIMOV Rasuljon,Uzbekistan,Artistic Gymnastics,2025-02-05
ABDURAKHMONOV Bekzod,Uzbekistan,Wrestling,2025-02-05
ABE Hifumi,Japan,Judo,2025-02-05
ABE Takatoshi,Japan,Athletics,2025-02-05
ABE Uta,Japan,Judo,2025-02-05
ABEBE Mekides,Ethiopia,Athletics,2025-02-05
ABEDINI Mojtaba,Islamic Republic of Iran,Fencing,2025-02-05
ABEL Jennifer,Canada,Diving,2025-02-05
ABELA Matthew,Malta,Badminton,2025-02-05
ABELVIK ROED Magnus,Norway,Handball,2025-02-05
ABEYSINGHE Matthew,Sri Lanka,Swimming,2025-02-05
ABIAN Pablo,Spain,Badminton,2025-02-05
ABICHA Mohammed,Morocco,Beach Volleyball,2025-02-05
ABICHT Lorena,Austria,Sailing,2025-02-05
ABIDINE Abidine,Mauritania,Athletics,2025-02-05
ABLIAZIN Denis,ROC,Artistic Gymnastics,2025-02-05
ABOUD Hadel,Libya,Athletics,2025-02-05
ABOUELKASSEM Alaaeldin,Egypt,Fencing,2025-02-05
ABOUKE Nancy Genzel,Nauru,Weightlifting,2025-02-05
ABRAHAM Tadesse,Switzerland,Athletics,2025-02-05
ABRAHAMS Rusten John,South Africa,Hockey,2025-02-05
ABRAMS Aliyah,Guyana,Athletics,2025-02-05
ABRAMS Jasmine,Guyana,Athletics,2025-02-05
ABRAMYAN Benik,Georgia,Athletics,2025-02-05
ABREU Diogo,Portugal,Trampoline Gymnastics,2025-02-05
ABRINES REDONDO Alejandro,Spain,Basketball,2025-02-05
ABROSIMOV Kirill,ROC,Marathon Swimming,2025-02-05
ABU RABEE Asma,Jordan,Shooting,2025-02-05
ABU RMILAH Wesam,Palestine,Judo,2025-02-05
ABUAKU Joshua,Germany,Athletics,2025-02-05
ABUJBARA Tala,Qatar,Rowing,2025-02-05
ACERENZA Domenico,Italy,Swimming,2025-02-05
ACETI Vladimir,Italy,Athletics,2025-02-05
ACHAB Jaouad,Belgium,Taekwondo,2025-02-05
ACHANTA Kamal,India,Table Tennis,2025-02-05
ACHILLEOS Georgios,Cyprus,Shooting,2025-02-05
ACHIUWA Precious,Nigeria,Basketball,2025-02-05
ACHONWA Natalie,Canada,Basketball,2025-02-05
ACHOURI Haikel,Tunisia,Wrestling,2025-02-05
ACKERMANN Simone,South Africa,Triathlon,2025-02-05
ACOSTA Briseida,Mexico,Taekwondo,2025-02-05
ACOSTA FERNANDEZ Yasmani,Chile,Wrestling,2025-02-05
ACOSTA GIRALDO Valentina,Colombia,Archery,2025-02-05
ACOSTA Marcelo,El Salvador,Swimming,2025-02-05
ACUNA Yenny,Chile,Football,2025-02-05
ADACHI Kazuya,Japan,Canoe Slalom,2025-02-05
ADACHI Seiya,Japan,Water Polo,2025-02-05
ADAM Amal,Egypt,Archery,2025-02-05
ADAM Constantin,Romania,Rowing,2025-02-05
ADAMEK Klaudia,Poland,Athletics,2025-02-05
ADAMKIEWICZ Patrycja,Poland,Taekwondo,2025-02-05
ADAMS Liam,Australia,Athletics,2025-02-05
ADAMS Paul,Australia,Shooting,2025-02-05
ADAMS Taeyanna,Federated States of Micronesia,Swimming,2025-02-05
ADAMUS Bartlomiej Stejan,Poland,Weightlifting,2025-02-05
ADAO de SA Mateus Daniel,Brazil,Athletics,2025-02-05
ADAR Yasemin,Turkey,Wrestling,2025-02-05
ADEBAYO Edrice Femi,United States of America,Basketball,2025-02-05
