,PersonName,Country,Discipline,process_date
0,AALERUD Katrine,Norway,Cycling Road,2025-02-05
1,ABAD Nestor,Spain,Artistic Gymnastics,2025-02-05
2,ABAGNALE Giovanni,Italy,Rowing,2025-02-05
3,ABALDE Alberto,Spain,Basketball,2025-02-05
4,ABALDE Tamara,Spain,Basketball,2025-02-05
5,ABALO Luc,France,Handball,2025-02-05
6,ABAROA Cesar,Chile,Rowing,2025-02-05
7,ABASS Abobakr,Sudan,Swimming,2025-02-05
8,ABBASALI Hamideh,Islamic Republic of Iran,Karate,2025-02-05
9,ABBASOV Islam,Azerbaijan,Wrestling,2025-02-05
10,ABBINGH Lois,Netherlands,Handball,2025-02-05
11,ABBOT Emily,Australia,Rhythmic Gymnastics,2025-02-05
12,ABBOTT Monica,United States of America,Baseball/Softball,2025-02-05
13,ABDALLA Abubaker Haydar,Qatar,Athletics,2025-02-05
14,ABDALLA Maryam,Egypt,Artistic Swimming,2025-02-05
15,ABDALLAH Shahd,Egypt,Artistic Swimming,2025-02-05
16,ABDALRASOOL Mohamed,Sudan,Judo,2025-02-05
17,ABDEL LATIF Radwa,Egypt,Shooting,2025-02-05
18,ABDEL RAZEK Samy,Egypt,Shooting,2025-02-05
19,ABDELAZIZ Abdalla,Egypt,Karate,2025-02-05
20,ABDELAZIZ Farah,Egypt,Table Tennis,2025-02-05
21,ABDELAZIZ Feryal,Egypt,Karate,2025-02-05
22,ABDELMAWGOUD Mohamed,Egypt,Judo,2025-02-05
23,ABDELMOTTALEB Diaaeldin Kamal Gouda,Egypt,Wrestling,2025-02-05
24,ABDELRAHMAN Ihab,Egypt,Athletics,2025-02-05
25,ABDELSALAM Mohamed,Egypt,Football,2025-02-05
26,ABDELSALAM Nour,Egypt,Taekwondo,2025-02-05
27,ABDELWAHED Ahmed,Italy,Athletics,2025-02-05
28,ABDI Bashir,Belgium,Athletics,2025-02-05
29,ABDIRAHMAN Abdi,United States of America,Athletics,2025-02-05
30,ABDUL HADI Farah Ann,Malaysia,Artistic Gymnastics,2025-02-05
31,ABDUL RAHMAN Kiria Tikanah,Singapore,Fencing,2025-02-05
32,ABDUL RAZZAQ Fathimath Nabaaha,Maldives,Badminton,2025-02-05
33,ABDULHAMID Saud,Saudi Arabia,Football,2025-02-05
34,ABDULJABBAR Ammar Riad,Germany,Boxing,2025-02-05
35,ABDULLAEV Gulomjon,Uzbekistan,Wrestling,2025-02-05
36,ABDULLAEV Muminjon,Uzbekistan,Wrestling,2025-02-05
37,ABDULLAH Rahmat Erwin,Indonesia,Weightlifting,2025-02-05
38,ABDULLIN Ilfat,Kazakhstan,Archery,2025-02-05
39,ABDULREDHA Mohamed,Bahrain,Handball,2025-02-05
40,ABDURAIMOV Elnur,Uzbekistan,Boxing,2025-02-05
41,ABDURAKHIMOV Rasuljon,Uzbekistan,Artistic Gymnastics,2025-02-05
42,ABDURAKHMONOV Bekzod,Uzbekistan,Wrestling,2025-02-05
43,ABE Hifumi,Japan,Judo,2025-02-05
44,ABE Takatoshi,Japan,Athletics,2025-02-05
45,ABE Uta,Japan,Judo,2025-02-05
46,ABEBE Mekides,Ethiopia,Athletics,2025-02-05
47,ABEDINI Mojtaba,Islamic Republic of Iran,Fencing,2025-02-05
48,ABEL Jennifer,Canada,Diving,2025-02-05
49,ABELA Matthew,Malta,Badminton,2025-02-05
50,ABELVIK ROED Magnus,Norway,Handball,2025-02-05
51,ABEYSINGHE Matthew,Sri Lanka,Swimming,2025-02-05
52,ABIAN Pablo,Spain,Badminton,2025-02-05
53,ABICHA Mohammed,Morocco,Beach Volleyball,2025-02-05
54,ABICHT Lorena,Austria,Sailing,2025-02-05
55,ABIDINE Abidine,Mauritania,Athletics,2025-02-05
56,ABLIAZIN Denis,ROC,Artistic Gymnastics,2025-02-05
57,ABOUD Hadel,Libya,Athletics,2025-02-05
58,ABOUELKASSEM Alaaeldin,Egypt,Fencing,2025-02-05
59,ABOUKE Nancy Genzel,Nauru,Weightlifting,2025-02-05
60,ABRAHAM Tadesse,Switzerland,Athletics,2025-02-05
61,ABRAHAMS Rusten John,South Africa,Hockey,2025-02-05
62,ABRAMS Aliyah,Guyana,Athletics,2025-02-05
63,ABRAMS Jasmine,Guyana,Athletics,2025-02-05
64,ABRAMYAN Benik,Georgia,Athletics,2025-02-05
65,ABREU Diogo,Portugal,Trampoline Gymnastics,2025-02-05
66,ABRINES REDONDO Alejandro,Spain,Basketball,2025-02-05
67,ABROSIMOV Kirill,ROC,Marathon Swimming,2025-02-05
68,ABU RABEE Asma,Jordan,Shooting,2025-02-05
69,ABU RMILAH Wesam,Palestine,Judo,2025-02-05
70,ABUAKU Joshua,Germany,Athletics,2025-02-05
71,ABUJBARA Tala,Qatar,Rowing,2025-02-05
72,ACERENZA Domenico,Italy,Swimming,2025-02-05
73,ACETI Vladimir,Italy,Athletics,2025-02-05
74,ACHAB Jaouad,Belgium,Taekwondo,2025-02-05
75,ACHANTA Kamal,India,Table Tennis,2025-02-05
76,ACHILLEOS Georgios,Cyprus,Shooting,2025-02-05
77,ACHIUWA Precious,Nigeria,Basketball,2025-02-05
78,ACHONWA Natalie,Canada,Basketball,2025-02-05
79,ACHOURI Haikel,Tunisia,Wrestling,2025-02-05
80,ACKERMANN Simone,South Africa,Triathlon,2025-02-05
81,ACOSTA Briseida,Mexico,Taekwondo,2025-02-05
82,ACOSTA FERNANDEZ Yasmani,Chile,Wrestling,2025-02-05
83,ACOSTA GIRALDO Valentina,Colombia,Archery,2025-02-05
84,ACOSTA Marcelo,El Salvador,Swimming,2025-02-05
85,ACUNA Yenny,Chile,Football,2025-02-05
86,ADACHI Kazuya,Japan,Canoe Slalom,2025-02-05
87,ADACHI Seiya,Japan,Water Polo,2025-02-05
88,ADAM Amal,Egypt,Archery,2025-02-05
89,ADAM Constantin,Romania,Rowing,2025-02-05
90,ADAMEK Klaudia,Poland,Athletics,2025-02-05
91,ADAMKIEWICZ Patrycja,Poland,Taekwondo,2025-02-05
92,ADAMS Liam,Australia,Athletics,2025-02-05
93,ADAMS Paul,Australia,Shooting,2025-02-05
94,ADAMS Taeyanna,Federated States of Micronesia,Swimming,2025-02-05
95,ADAMUS Bartlomiej Stejan,Poland,Weightlifting,2025-02-05
96,ADAO de SA Mateus Daniel,Brazil,Athletics,2025-02-05
97,ADAR Yasemin,Turkey,Wrestling,2025-02-05
98,ADEBAYO Edrice Femi,United States of America,Basketball,2025-02-05
